Stephen Curry,48070014,PG,34,34.7,GSW,29.4,6.1,6.3,0.4,0.9,3.2,0.493,0.427
John Wall,47345760,PG,32,22.2,LAC,11.4,2.7,5.2,0.4,0.8,2.4,0.408,0.303
Russell Westbrook,47080179,PG,34,29.1,LAL/LAC,15.9,5.8,7.5,0.5,1,3.5,0.436,0.311
LeBron James,44474988,PF,38,35.5,LAL,28.9,8.3,6.8,0.6,0.9,3.2,0.5,0.321
Kevin Durant,44119845,PF,34,35.6,BRK/PHO,29.1,6.7,5,1.4,0.7,3.3,0.56,0.404
Bradley Beal,43279250,SG,29,33.5,WAS,23.2,3.9,5.4,0.7,0.9,2.9,0.506,0.365
Kawhi Leonard,42492492,SF,31,33.6,LAC,23.8,6.5,3.9,0.5,1.4,1.7,0.512,0.416
Paul George,42492492,SF,32,34.6,LAC,23.8,6.1,5.1,0.4,1.5,3.1,0.457,0.371
Giannis Antetokounmpo,42492492,PF,28,32.1,MIL,31.1,11.8,5.7,0.8,0.8,3.9,0.553,0.275
Damian Lillard,42492492,PG,32,36.3,POR,32.2,4.8,7.3,0.3,0.9,3.3,0.463,0.371
Klay Thompson,40600080,SF,32,33,GSW,21.9,4.1,2.4,0.4,0.7,1.8,0.436,0.412
Kyrie Irving,38917057,PG-SG,30,37.4,BRK/DAL,27.1,5.1,5.5,0.8,1.1,2.1,0.494,0.379
Rudy Gobert,38172414,C,30,30.7,MIN,13.4,11.6,1.2,1.4,0.8,1.7,0.659,0
Khris Middleton,37984276,SF,31,24.3,MIL,15.1,4.2,4.9,0.2,0.7,2.2,0.436,0.315
Anthony Davis,37980720,C,29,34,LAL,25.9,12.5,2.6,2,1.1,2.2,0.563,0.257
Jimmy Butler,37653300,PF,33,33.4,MIA,22.9,5.9,5.3,0.3,1.8,1.6,0.539,0.35
Tobias Harris,37633050,SF,30,32.9,PHI,14.7,5.7,2.5,0.5,0.9,1.2,0.501,0.389
Kemba Walker,37281261,PG,32,16,DAL,8,1.8,2.1,0.2,0.2,0.4,0.421,0.25
Trae Young,37096500,PG,24,34.8,ATL,26.2,3,10.2,0.1,1.1,4.1,0.429,0.335
Zach LaVine,37096500,SG,27,35.9,CHI,24.8,4.5,4.2,0.2,0.9,2.5,0.485,0.375
Ben Simmons,35448672,PG,26,26.3,BRK,6.9,6.3,6.1,0.6,1.3,2.3,0.566,0
Pascal Siakam,35448672,PF,28,37.4,TOR,24.2,7.8,5.8,0.5,0.9,2.4,0.48,0.324
Myles Turner,35096500,C,26,29.4,IND,18,7.5,1.4,2.3,0.6,1.7,0.548,0.373
Jrue Holiday,34319520,PG,32,32.6,MIL,19.3,5.1,7.4,0.4,1.2,2.9,0.479,0.384
Karl-Anthony Towns,33833400,PF,27,33,MIN,20.8,8.1,4.8,0.6,0.7,3,0.495,0.366
Devin Booker,33833400,SG,26,34.6,PHO,27.8,4.5,5.5,0.3,1,2.7,0.494,0.351
Andrew Wiggins,33616770,SF,27,32.2,GSW,17.1,5,2.3,0.8,1.2,1.3,0.473,0.396
Joel Embiid,33616770,C,28,34.6,PHI,33.1,10.2,4.2,1.7,1,3.4,0.548,0.33
CJ McCollum,33333333,SG,31,35.3,NOP,20.9,4.4,5.7,0.5,0.9,2.4,0.437,0.389
James Harden,33000000,PG,33,36.8,PHI,21,6.1,10.7,0.5,1.2,3.4,0.441,0.385
Jamal Murray,31650600,PG,25,32.8,DEN,20,4,6.2,0.2,1,2.2,0.454,0.398
Brandon Ingram,31650600,SF,25,34.2,NOP,24.7,5.5,5.8,0.4,0.7,3.3,0.484,0.39
D'Angelo Russell,31377750,PG,26,32.5,LAL/MIN,17.8,3,6.2,0.4,1,2.6,0.469,0.396
Donovan Mitchell,30913750,SG,26,35.8,CLE,28.3,4.3,4.4,0.4,1.5,2.6,0.484,0.386
Shai Gilgeous-Alexander,30913750,PG,24,35.5,OKC,31.4,4.8,5.5,1,1.6,2.8,0.51,0.345
Deandre Ayton,30913750,C,24,30.4,PHO,18,10,1.7,0.8,0.6,1.8,0.589,0.292
Kevin Love,30556968,PF,34,20,CLE/MIA,8.2,6.4,1.9,0.2,0.3,1.1,0.389,0.334
Jayson Tatum,30351780,SF,24,36.9,BOS,30.1,8.8,4.6,0.7,1.1,2.9,0.466,0.35
Bam Adebayo,30351780,C,25,34.6,MIA,20.4,9.2,3.2,0.8,1.2,2.5,0.54,0.083
De'Aaron Fox,30351780,PG,25,33.4,SAC,25,4.2,6.1,0.3,1.1,2.5,0.512,0.324
Gordon Hayward,30075000,SF,32,31.5,CHO,14.7,4.3,4.1,0.2,0.8,2,0.475,0.325
Jaylen Brown,29776785,SF,26,35.9,BOS,26.6,6.9,3.5,0.4,1.1,2.9,0.491,0.335
Chris Paul,28400000,PG,37,32,PHO,13.9,4.3,8.9,0.4,1.5,1.9,0.44,0.375
Kyle Lowry,28333334,PG,36,31.2,MIA,11.2,4.1,5.1,0.4,1,1.9,0.404,0.345
Jalen Brunson,27733332,PG,26,35,NYK,24,3.5,6.2,0.2,0.9,2.1,0.491,0.416
DeMar DeRozan,27300000,SF,33,36.2,CHI,24.5,4.6,5.1,0.5,1.1,2.1,0.504,0.324
Al Horford,26500000,C,36,30.5,BOS,9.8,6.2,3,1,0.5,0.6,0.476,0.446
Draymond Green,25806468,PF,32,31.5,GSW,8.5,7.2,6.8,0.8,1,2.8,0.527,0.305
Julius Randle,23760000,PF,28,35.5,NYK,25.1,10,4.1,0.3,0.6,2.8,0.459,0.343
John Collins,23500000,PF,25,30,ATL,13.1,6.5,1.2,1,0.6,1.1,0.508,0.292
Mike Conley,22680000,PG,35,30.3,MIN/UTA,11.9,2.7,6.7,0.2,1.1,1.5,0.428,0.385
Malcolm Brogdon,22600000,PG,30,26,BOS,14.9,4.2,3.7,0.3,0.7,1.5,0.484,0.444
Anfernee Simons,22321429,SG,23,35,POR,21.1,2.6,4.1,0.2,0.7,2.1,0.447,0.377
Terry Rozier,21486316,SG,28,35.3,CHO,21.1,4.1,5.1,0.3,1.2,2.1,0.415,0.327
Fred VanVleet,21250000,PG,28,36.7,TOR,19.3,4.1,7.2,0.6,1.8,2,0.393,0.342
Buddy Hield,21177750,SF,30,31,IND,16.8,5,2.8,0.3,1.2,1.7,0.458,0.425
Domantas Sabonis,21100000,C,26,34.6,SAC,19.1,12.3,7.3,0.5,0.8,2.9,0.615,0.373
Jerami Grant,20955000,PF,28,35.7,POR,20.5,4.5,2.4,0.8,0.8,1.8,0.475,0.401
Aaron Gordon,20690909,PF,27,30.2,DEN,16.3,6.6,3,0.8,0.8,1.4,0.564,0.347
Mikal Bridges,20100000,SF-SG,26,35.7,BRK/PHO,20.1,4.4,3.3,0.7,1.1,1.5,0.468,0.382
Jarrett Allen,20000000,C,24,32.6,CLE,14.3,9.8,1.7,1.2,0.8,1.4,0.644,0.1
Nicolas Batum,19700319,PF,34,21.9,LAC,6.1,3.8,1.6,0.6,0.7,0.6,0.42,0.391
Eric Gordon,19568360,SG,34,28.5,HOU/LAC,12.4,1.9,2.7,0.4,0.6,1.5,0.446,0.371
Spencer Dinwiddie,19500000,SG-PG,29,34.5,BRK/DAL,17.3,3.4,6.5,0.3,0.8,1.8,0.438,0.369
Caris LeVert,18796296,SG,28,30.2,CLE,12.1,3.8,3.9,0.3,1,1.6,0.431,0.392
Joe Harris,18642857,SF,31,20.6,BRK,7.6,2.2,1.4,0.2,0.5,0.6,0.457,0.426
Harrison Barnes,18352273,PF,30,32.5,SAC,15,4.5,1.6,0.1,0.7,1,0.473,0.374
Clint Capela,18206896,C,28,26.6,ATL,12,11,0.9,1.2,0.7,0.8,0.653,0
Evan Fournier,18000000,SG,30,17,NYK,6.1,1.8,1.3,0.1,0.6,0.8,0.337,0.307
Steven Adams,17926829,C,29,27,MEM,8.6,11.5,2.3,1.1,0.9,1.9,0.597,0
Jonathan Isaac,17400000,PF,25,11.3,ORL,5,4,0.5,0.4,1.3,0.4,0.415,0.4
OG Anunoby,17357143,SF,25,35.6,TOR,16.8,5,2,0.7,1.9,2,0.476,0.387
Marcus Smart,17207142,PG,28,32.1,BOS,11.5,3.1,6.3,0.4,1.5,2.3,0.415,0.336
Derrick White,17142857,SG,28,28.3,BOS,12.4,3.6,3.9,0.9,0.7,1.2,0.462,0.381
Dejounte Murray,17071120,SG,26,36.4,ATL,20.5,5.3,6.1,0.3,1.5,2.2,0.464,0.344
Mitchell Robinson,17045454,C,24,27,NYK,7.4,9.4,0.9,1.8,0.9,0.7,0.671,0
Duncan Robinson,16902000,SF,28,16.5,MIA,6.4,1.6,1.1,0,0.3,0.7,0.371,0.328
Norman Powell,16758621,SG,29,26.1,LAC,17,2.9,1.8,0.3,0.8,1.7,0.479,0.397
Collin Sexton,16700000,PG,24,23.9,UTA,14.3,2.2,2.9,0.1,0.6,1.8,0.506,0.393
Markelle Fultz,16500000,PG,24,29.6,ORL,14,3.9,5.7,0.4,1.5,2.3,0.514,0.31
Lauri Markkanen,16475454,PF,25,34.4,UTA,25.6,8.6,1.9,0.6,0.6,1.9,0.499,0.391
Marcus Morris,16372093,PF,33,28.1,LAC,11.2,4,1.8,0.3,0.6,0.9,0.426,0.364
Malik Beasley,15558035,SG,26,25.8,LAL/UTA,12.7,3.5,1.5,0.1,0.8,1.1,0.395,0.357
Luguentz Dort,15277778,SF,23,30.7,OKC,13.7,4.6,2.1,0.3,1,1.2,0.388,0.33
Will Barton,15059712,SG,32,17.7,WAS/TOR,6.8,2.4,2,0.2,0.5,0.9,0.379,0.367
Tyus Jones,15000000,PG,26,24.3,MEM,10.3,2.5,5.2,0.1,1,0.9,0.438,0.371
Derrick Rose,14520730,PG,34,12.5,NYK,5.6,1.5,1.7,0.2,0.3,0.8,0.384,0.302
Kevin Huerter,14508929,SG,24,29.4,SAC,15.2,3.3,2.9,0.3,1.1,1.3,0.485,0.402
Christian Wood,14317459,C,27,25.9,DAL,16.6,7.3,1.8,1.1,0.4,1.8,0.515,0.376
Kentavious Caldwell-Pope,14004703,SG,29,31.3,DEN,10.8,2.7,2.4,0.5,1.5,1.1,0.462,0.423
Brook Lopez,13906976,C,34,30.4,MIL,15.9,6.7,1.3,2.5,0.5,1.4,0.531,0.374
Patrick Beverley,13801614,SG-PG,34,27.1,LAL/CHI,6.2,3.7,2.9,0.6,0.9,0.9,0.4,0.335
Doug McDermott,13750000,SF,31,20.5,SAS,10.2,2.2,1.4,0.1,0.2,0.9,0.457,0.413
Luke Kennard,13745455,SG,26,22.3,LAC/MEM,9.3,2.7,1.5,0.1,0.5,0.8,0.492,0.494
Zion Williamson,13534817,PF,22,33,NOP,26,7,4.6,0.6,1.1,3.4,0.608,0.368
Jordan Clarkson,13340000,SG,30,32.6,UTA,20.8,4,4.4,0.2,0.5,3,0.444,0.338
Gary Harris,13000000,SG,28,24.7,ORL,8.3,2,1.2,0.3,0.9,0.6,0.45,0.431
Kyle Kuzma,13000000,PF,27,35,WAS,21.2,7.2,3.7,0.5,0.6,3,0.448,0.333
Josh Hart,12960000,SF,27,32.3,NYK/POR,9.8,7.8,3.8,0.3,1.2,1.5,0.529,0.372
Dorian Finney-Smith,12939848,PF,29,30.4,BRK/DAL,8.3,4.8,1.5,0.5,0.8,0.9,0.391,0.337
Kelly Olynyk,12804878,C,31,28.6,UTA,12.5,6.2,3.7,0.5,0.9,2.5,0.499,0.394
Chris Boucher,12690000,PF,30,20,TOR,9.4,5.5,0.4,0.8,0.6,0.5,0.493,0.328
Robert Covington,12307692,PF,32,16.2,LAC,6,3.5,1.2,0.7,0.8,0.7,0.445,0.397
Josh Richardson,12196094,SG,29,23.5,NOP/SAS,10.1,2.7,2.7,0.3,1.1,1.3,0.431,0.365
Ja Morant,12119440,PG,23,31.9,MEM,26.2,5.9,8.1,0.3,1.1,3.4,0.466,0.307
Danny Green,11710528,SG,35,12.5,CLE/MEM,5.5,1.3,0.5,0.3,0.5,0.9,0.449,0.432
Terrence Ross,11500000,SG,31,21.1,ORL/PHO,8.3,2.4,1.5,0.2,0.6,0.7,0.43,0.368
Reggie Jackson,11457217,PG,32,24.4,DEN/LAC,10.2,2.1,3.4,0.1,0.7,1.7,0.411,0.333
Dillon Brooks,11400000,SF,27,30.3,MEM,14.3,3.3,2.6,0.2,0.9,1.4,0.396,0.326
Richaun Holmes,11215260,C,29,8.3,SAC,3.1,1.9,0.2,0.3,0.1,0.3,0.618,0.625
Dwight Powell,11080125,C,31,19.2,DAL,6.7,4.1,0.9,0.3,0.6,0.9,0.732,0
Paolo Banchero,11055120,PF,20,33.8,ORL,20,6.9,3.7,0.5,0.8,2.8,0.427,0.298
RJ Barrett,10900634,SG,22,33.9,NYK,19.6,5,2.8,0.2,0.4,2.2,0.434,0.31
Bobby Portis,10843350,PF,27,26,MIL,14.1,9.6,1.5,0.2,0.4,1.2,0.496,0.37
DeAndre Jordan,10733758,C,34,15,DEN,5.1,5.2,0.9,0.6,0.3,1.2,0.765,1
Anthony Edwards,10733400,SG,21,36,MIN,24.6,5.8,4.4,0.7,1.6,3.3,0.459,0.369
Robert Williams,10714287,C,25,23.5,BOS,8,8.3,1.4,1.4,0.6,1,0.747,0
Cade Cunningham,10552800,PG,21,33.3,DET,19.9,6.2,6,0.6,0.8,3.3,0.415,0.279
Mo Bamba,10300000,C,24,15.7,LAL/ORL,6.6,4.6,0.9,0.9,0.3,0.6,0.485,0.387
Talen Horton-Tucker,10260000,SG,22,20.2,UTA,10.7,3.2,3.8,0.4,0.6,1.9,0.419,0.286
Jae Crowder,10183800,PF,32,18.9,MIL,6.9,3.8,1.5,0.3,0.7,0.4,0.479,0.436
Ivica Zubac,10123457,C,25,28.6,LAC,10.8,9.9,1,1.3,0.4,1.5,0.634,0
Reggie Bullock,10012800,SF,31,30.3,DAL,7.2,3.6,1.4,0.2,0.7,0.5,0.409,0.38
Alec Burks,10012800,SG,31,22,DET,12.8,3.1,2.2,0.2,0.7,1.1,0.436,0.414
De'Andre Hunter,9835881,SF,25,31.7,ATL,15.4,4.2,1.4,0.3,0.5,1.2,0.461,0.35
James Wiseman,9603360,C,21,19.3,GSW/DET,10,5.9,0.7,0.6,0.2,1.1,0.558,0.2
Landry Shamet,9500000,SG,25,20.2,PHO,8.7,1.7,2.3,0.1,0.7,0.9,0.377,0.377
Malik Monk,9472219,SG,24,22.3,SAC,13.5,2.6,3.9,0.3,0.6,1.9,0.448,0.359
Jalen Green,9441840,SG,20,34.2,HOU,22.1,3.7,3.7,0.2,0.8,2.6,0.416,0.338
Jakob Poeltl,9398148,C,27,26.5,SAS/TOR,12.5,9.1,2.7,1.2,0.9,1.7,0.629,0
Nerlens Noel,9391069,C,28,11.5,BRK/DET,2.1,2.7,0.6,0.6,0.9,0.8,0.361,0.5
Royce O'Neale,9200000,SF,29,31.7,BRK,8.8,5.1,3.7,0.6,0.9,1.5,0.386,0.389
Monte Morris,9125000,PG,27,27.3,WAS,10.3,3.4,5.3,0.2,0.7,1,0.48,0.382
Mason Plumlee,9080417,C,32,26,LAC/CHO,10.8,8.9,3.1,0.6,0.6,1.5,0.68,0
Alex Caruso,9030000,PG,28,23.5,CHI,5.6,2.9,2.9,0.7,1.5,1.1,0.455,0.364
Maxi Kleber,9000000,PF,31,25.1,DAL,5.9,3.6,1.4,0.8,0.3,0.7,0.456,0.348
Grayson Allen,8925000,SG,27,27.4,MIL,10.4,3.3,2.3,0.2,0.9,1,0.44,0.399
Darius Garland,8920794,PG,23,35.5,CLE,21.6,2.7,7.8,0.1,1.2,2.9,0.462,0.41
Isaiah Hartenstein,8854879,C,24,19.8,NYK,5,6.5,1.2,0.8,0.6,0.8,0.535,0.216
Kyle Anderson,8780488,PF,29,28.4,MIN,9.4,5.3,4.9,0.9,1.1,1.5,0.509,0.41
Victor Oladipo,8750000,SG,30,26.3,MIA,10.7,3,3.5,0.3,1.4,2.1,0.397,0.33
Daniel Theis,8694369,C,30,15.6,IND,7,3.1,1.3,0.9,0.3,0.4,0.477,0.182
LaMelo Ball,8623920,PG,21,35.2,CHO,23.3,6.4,8.4,0.3,1.3,3.6,0.411,0.376
Seth Curry,8496653,SG,32,19.9,BRK,9.2,1.6,1.6,0.1,0.6,0.8,0.463,0.405
Evan Mobley,8478720,PF,21,34.4,CLE,16.2,9,2.8,1.5,0.8,1.8,0.554,0.216
Gary Payton II,8300000,SG,30,16.7,GSW/POR,4.6,3.1,1.4,0.2,1,0.7,0.594,0.5
Dewayne Dedmon,8283688,C,33,11.2,PHI/MIA,5.2,3.5,0.7,0.5,0.2,0.7,0.51,0.308
De'Anthony Melton,8250000,SG,24,27.9,PHI,10.1,4.1,2.6,0.5,1.6,1.3,0.425,0.39
JaMychal Green,8200000,PF,32,14,GSW,6.4,3.6,0.9,0.4,0.4,0.9,0.54,0.378
Keegan Murray,8008440,SF,22,29.8,SAC,12.2,4.6,1.2,0.5,0.8,0.8,0.453,0.411
Kevon Looney,8000000,C,26,23.9,GSW,7,9.3,2.5,0.6,0.6,0.5,0.63,0
Thaddeus Young,8000000,PF,34,14.7,TOR,4.4,3.1,1.4,0.1,1,0.8,0.545,0.176
Delon Wright,7804878,PG,30,24.4,WAS,7.4,3.6,3.9,0.3,1.8,0.9,0.474,0.345
Patrick Williams,7775400,PF,21,28.3,CHI,10.2,4,1.2,0.9,0.9,1.2,0.464,0.415
Scottie Barnes,7644600,SF,21,34.8,TOR,15.3,6.6,4.8,0.8,1.1,2,0.456,0.281
Cedi Osman,7426088,SF,27,20.1,CLE,8.7,2.3,1.5,0.1,0.5,0.7,0.451,0.372
Coby White,7413955,SG,22,23.4,CHI,9.7,2.9,2.8,0.1,0.7,1,0.443,0.372
Zach Collins,7350000,C,25,22.9,SAS,11.6,6.4,2.9,0.8,0.6,2,0.518,0.374
Jaden Ivey,7252200,SG,20,31.1,DET,16.3,3.9,5.2,0.2,0.8,3.2,0.416,0.343
Taurean Prince,7100000,PF,28,22.1,MIN,9.1,2.4,1.6,0.3,0.5,1.3,0.467,0.381
Jae'Sean Tate,7065217,SF,27,21.8,HOU,9.1,3.8,2.7,0.2,0.7,1.5,0.48,0.283
Isaac Okoro,7040880,SF,22,21.7,CLE,6.4,2.5,1.1,0.4,0.7,0.6,0.494,0.363
Cody Martin,7000000,SF,27,19.1,CHO,5,3.4,1.6,0.1,0.6,0.3,0.389,0.214
Jalen Suggs,6922320,SG,21,23.5,ORL,9.9,3,2.9,0.5,1.3,1.8,0.419,0.327
Jaxson Hayes,6803012,C,22,13,NOP,5,2.8,0.7,0.4,0.4,0.7,0.551,0.103
Khem Birch,6667500,C,30,8.1,TOR,2.2,1.3,0.4,0.3,0.3,0.4,0.594,0.5
Bennedict Mathurin,6586800,SG,20,28.5,IND,16.7,4.1,1.5,0.2,0.6,1.9,0.434,0.323
Bruce Brown,6479000,SF,26,28.5,DEN,11.5,4.1,3.4,0.6,1.1,1.5,0.483,0.358
Caleb Martin,6479000,SF,27,29.3,MIA,9.6,4.8,1.6,0.4,1,1.1,0.464,0.356
Joe Ingles,6479000,SF,35,22.7,MIL,6.9,2.8,3.3,0.1,0.7,1.2,0.435,0.409
Onyeka Okongwu,6395160,C,22,23.1,ATL,9.9,7.2,1,1.3,0.7,1,0.638,0.308
Josh Giddey,6287400,PF,20,31.1,OKC,16.6,7.9,6.2,0.4,0.8,2.8,0.482,0.325
Rui Hachimura,6263188,PF,24,23.3,LAL/WAS,11.2,4.5,0.9,0.4,0.3,0.8,0.486,0.319
Rudy Gay,6184500,PF,36,14.6,UTA,5.2,2.9,1,0.3,0.3,0.7,0.38,0.254
Jevon Carter,6025000,PG,27,22.3,MIL,8,2.5,2.4,0.4,0.8,1,0.423,0.421
Shaedon Sharpe,6012960,SG,19,22.2,POR,9.9,3,1.2,0.3,0.5,1,0.472,0.36
Cameron Payne,6000000,PG,28,20.2,PHO,10.3,2.2,4.5,0.2,0.7,1.7,0.415,0.368
Justin Holiday,5987975,SF,33,15.3,DAL/ATL,4.5,1.2,0.9,0.4,0.4,0.5,0.377,0.322
Cam Reddish,5954454,SF,23,24.8,NYK/POR,9.7,2.2,1.4,0.4,1,1.2,0.446,0.313
Cameron Johnson,5887899,PF,26,28.5,BRK/PHO,15.5,4.4,1.9,0.3,1.2,0.9,0.47,0.404
Ricky Rubio,5853659,PG,32,17.2,CLE,5.2,2.1,3.5,0.2,0.8,0.9,0.343,0.256
Killian Hayes,5837760,PG,21,28.3,DET,10.3,2.9,6.2,0.4,1.4,2.3,0.377,0.28
Jonathan Kuminga,5739840,PF,20,20.8,GSW,9.9,3.4,1.9,0.5,0.6,1.4,0.525,0.37
Pat Connaughton,5728393,SF,30,23.7,MIL,7.6,4.6,1.3,0.2,0.6,0.5,0.392,0.339
Tyler Herro,5722116,SG,23,34.9,MIA,20.1,5.4,4.2,0.2,0.8,2.4,0.439,0.378
Romeo Langford,5634257,SG,23,19.6,SAS,6.9,2.7,1.2,0.3,0.6,0.7,0.467,0.262
Dyson Daniels,5508600,PG,19,17.7,NOP,3.8,3.2,2.3,0.2,0.7,1,0.418,0.314
JaVale McGee,5461219,C,35,8.5,DAL,4.4,2.5,0.3,0.6,0.1,0.9,0.64,0.4
Goga Bitadze,5377520,C,23,12,ORL/IND,4.4,3.6,1,0.7,0.4,0.6,0.552,0.231
Obi Toppin,5348280,PF,24,15.7,NYK,7.4,2.8,1,0.2,0.3,0.6,0.446,0.344
Franz Wagner,5258280,SF,21,32.6,ORL,18.6,4.1,3.5,0.2,1,2.1,0.485,0.361
Kendrick Nunn,5250000,SG,27,13.8,LAL/WAS,7.1,1.6,1.3,0.1,0.4,0.9,0.424,0.354
Hamidou Diallo,5200000,SF,24,17.8,DET,9.3,3.5,1,0.3,0.9,1.3,0.573,0.238
Cory Joseph,5155500,PG,31,19.8,DET,6.9,1.7,3.5,0.1,0.5,0.9,0.427,0.389
Garrett Temple,5155500,SG,36,6.5,NOP,2,0.7,0.5,0.1,0.4,0.2,0.4,0.423
Torrey Craig,5121951,PF,32,24.7,PHO,7.4,5.4,1.5,0.8,0.6,0.9,0.456,0.395
Jeremy Sochan,5063520,PF,19,26,SAS,11,5.3,2.5,0.4,0.8,1.7,0.453,0.246
Nickeil Alexander-Walker,5009633,SG,24,15,MIN/UTA,6.2,1.7,1.8,0.4,0.5,0.9,0.444,0.384
Furkan Korkmaz,5000000,SG,25,9.5,PHI,3.8,1.1,0.6,0.1,0.3,0.6,0.432,0.391
Deni Avdija,4916160,SF,22,26.6,WAS,9.2,6.4,2.8,0.4,0.9,1.6,0.437,0.297
Davion Mitchell,4833600,PG,24,18.1,SAC,5.6,1.3,2.3,0.2,0.6,0.8,0.454,0.32
Johnny Davis,4810320,SG,20,15.1,WAS,5.8,2.3,1,0.3,0.4,0.6,0.386,0.243
Ty Jerome,4728948,SG,25,18.1,GSW,6.9,1.7,3,0.1,0.5,0.7,0.488,0.389
Jalen Smith,4670160,C,22,18.8,IND,9.4,5.8,1,0.9,0.3,1.1,0.476,0.283
Ziaire Williams,4591680,SF,21,15.2,MEM,5.7,2.1,0.9,0.2,0.4,1,0.429,0.258
Ousmane Dieng,4569840,PF,19,14.6,OKC,4.9,2.7,1.2,0.2,0.4,0.7,0.42,0.265
Jeff Green,4500000,PF,36,19.5,DEN,7.8,2.6,1.2,0.3,0.3,0.8,0.488,0.288
Donte DiVincenzo,4500000,SG,26,26.3,GSW,9.4,4.5,3.5,0.1,1.3,1.6,0.435,0.397
Devin Vassell,4437000,SG,22,31,SAS,18.5,3.9,3.6,0.4,1.1,1.5,0.439,0.387
Matisse Thybulle,4379526,SF-SG,25,16.9,PHI/POR,4.1,2,0.7,0.5,1.2,0.3,0.435,0.365
Jarred Vanderbilt,4374000,PF,23,24.1,LAL/UTA,7.9,7.5,2.4,0.3,1.1,1.2,0.548,0.322
James Bouknight,4362240,SG,22,15.1,CHO,5.6,2.1,1.2,0.1,0.4,0.9,0.358,0.303
Brandon Clarke,4343919,PF,26,19.5,MEM,10,5.5,1.3,0.7,0.6,1,0.656,0.167
Jalen Williams,4341480,SG,21,30.3,OKC,14.1,4.5,3.3,0.5,1.4,1.6,0.521,0.356
Grant Williams,4306281,PF,24,25.9,BOS,8.1,4.6,1.7,0.4,0.5,1,0.454,0.395
Darius Bazley,4264628,C,22,14.3,OKC/PHO,5.2,3.2,0.9,0.8,0.5,0.6,0.454,0.377
Tyrese Haliburton,4215120,PG,22,33.6,IND,20.7,3.7,10.4,0.4,1.6,2.5,0.49,0.4
Nassir Little,4171548,SF,22,18.1,POR,6.6,2.6,0.9,0.4,0.4,0.7,0.442,0.367
Jalen Duren,4124280,C,19,24.9,DET,9.1,8.9,1.1,0.9,0.7,1.4,0.648,0
Gorgui Dieng,4105236,C,33,11.5,SAS,3.9,3.5,1.7,0.5,0.1,1,0.385,0.28
Justise Winslow,4097561,PF,26,26.8,POR,6.8,5,3.4,0.4,1,1.5,0.409,0.311
Dylan Windler,4037277,SF,26,3.3,CLE,1.7,0,0.3,0,0.3,0.3,0.667,0.5
Stanley Johnson,4022164,SF,26,15.6,SAS,5.8,3.2,2.2,0.2,0.5,1.1,0.533,0.45
George Hill,4000000,PG-SG,36,18.1,MIL/IND,5,1.8,2.4,0.1,0.6,0.7,0.47,0.358
Terence Davis,4000000,SG,25,13.1,SAC,6.7,2.2,1,0.2,0.7,0.8,0.423,0.366
Chris Duarte,3936960,SF,25,19.5,IND,7.9,2.5,1.4,0.2,0.5,0.9,0.369,0.316
Alex Len,3918600,C,29,6.2,SAC,1.7,2.3,0.5,0.4,0.2,0.6,0.533,0
Ochai Agbaji,3918360,SG,22,20.5,UTA,7.9,2.1,1.1,0.3,0.3,0.7,0.427,0.355
Jordan Poole,3901399,PG,23,30,GSW,20.4,2.7,4.5,0.3,0.8,3.1,0.43,0.336
Keldon Johnson,3873024,SF,23,32.7,SAS,22,5,2.9,0.2,0.7,2.1,0.452,0.329
James Johnson,3841067,PF,35,9,IND,2.8,1.7,0.8,0.3,0.4,0.4,0.449,0.2
Aaron Nesmith,3804360,SF,23,24.9,IND,10.1,3.8,1.3,0.5,0.8,1,0.427,0.366
Moses Moody,3740160,SG,20,13,GSW,4.8,1.7,0.8,0.1,0.3,0.5,0.476,0.363
Mark Williams,3722040,C,21,19.3,CHO,9,7.1,0.4,1,0.7,0.9,0.637,0
Cole Anthony,3613680,PG,22,25.9,ORL,13,4.8,3.9,0.5,0.6,1.5,0.454,0.364
Corey Kispert,3552840,SF,23,28.3,WAS,11.1,2.8,1.2,0.1,0.4,0.7,0.497,0.424
AJ Griffin,3536160,SF,19,19.5,ATL,8.9,2.1,1,0.2,0.6,0.6,0.465,0.39
Mike Muscala,3500000,C,31,15,BOS/OKC,6.1,3.2,0.8,0.4,0.2,0.4,0.449,0.391
Georges Niang,3465000,PF,29,19.4,PHI,8.2,2.4,1,0.2,0.4,0.7,0.442,0.401
Isaiah Stewart,3433320,C,21,28.3,DET,11.3,8.1,1.4,0.7,0.4,1.4,0.442,0.327
Chuma Okeke,3433320,SF,24,19.2,ORL,4.7,3.6,1.4,0.4,0.7,0.6,0.352,0.302
Amir Coffey,3395062,SF,25,12.5,LAC,3.4,1.1,1.1,0.1,0.1,0.4,0.386,0.275
Tari Eason,3359160,PF,21,21.5,HOU,9.3,6,1.1,0.6,1.2,1.2,0.448,0.343
Aleksej Pokusevski,3261480,PF,21,20.6,OKC,8.1,4.7,1.9,1.3,0.6,1.3,0.434,0.365
Simone Fontecchio,3205128,SF,27,14.7,UTA,6.3,1.7,0.8,0.2,0.3,0.8,0.369,0.33
Andre Drummond,3200000,C,29,12.7,CHI,6,6.6,0.5,0.4,0.7,1.1,0.606,0
Dalen Terry,3191400,SG,20,5.6,CHI,2.2,1,0.6,0.1,0.3,0.2,0.444,0.259
Sterling Brown,3122602,SF,27,6,LAL,0,2,0.5,0,0.8,0,0,0
Josh Green,3098400,SG,22,25.7,DAL,9.1,3,1.7,0.1,0.7,1.2,0.537,0.402
Jake LaRavia,3047640,PF,21,11.8,MEM,3,1.8,0.6,0.1,0.3,0.5,0.389,0.338
Tre Mann,3046200,PG,21,17.7,OKC,7.7,2.3,1.8,0.2,0.6,0.9,0.393,0.315
Kevin Knox,3000000,SF-PF,23,15.1,DET/POR,6.6,2.8,0.5,0.2,0.4,0.8,0.458,0.349
Saddiq Bey,2959080,SF,23,27.6,DET/ATL,13.8,4.7,1.5,0.2,0.9,0.9,0.422,0.361
Malaki Branham,2925600,SG,19,23.5,SAS,10.2,2.7,1.9,0.1,0.5,1.2,0.44,0.302
Joe Wieskamp,2909261,SF,23,5.6,TOR,1,0.4,0.3,0,0,0.1,0.214,0.25
Kai Jones,2909040,C,22,12,CHO,3.4,2.7,0.3,0.7,0.4,0.7,0.558,0.211
Blake Griffin,2905851,C,33,13.9,BOS,4.1,3.8,1.5,0.2,0.3,0.5,0.485,0.348
Robin Lopez,2905851,C,34,8.1,CLE,3,1.4,0.5,0.2,0.1,0.7,0.64,0.5
Markieff Morris,2905851,PF,33,10.1,BRK/DAL,3.8,2,0.9,0.1,0.3,0.5,0.409,0.394
Andre Iguodala,2905851,PF,39,14.1,GSW,2.1,2.1,2.4,0.4,0.5,1.1,0.467,0.111
Serge Ibaka,2905851,C,33,11.6,MIL,4.1,2.8,0.3,0.4,0.1,0.7,0.481,0.333
Udonis Haslem,2905851,C,42,10.1,MIA,3.9,1.6,0,0.3,0.1,0.1,0.345,0.333
Wesley Matthews,2905851,SF,36,15.8,MIL,3.4,2.2,0.7,0.3,0.4,0.3,0.363,0.315
Austin Rivers,2905851,SG,30,19.5,MIN,4.9,1.6,1.4,0.1,0.5,0.4,0.435,0.35
Bismack Biyombo,2905851,C,30,14.3,PHO,4.3,4.3,0.9,1.4,0.3,0.8,0.578,0
Taj Gibson,2905851,C,37,9.8,WAS,3.4,1.9,0.7,0.2,0.3,0.5,0.52,0.333
Precious Achiuwa,2840160,C,23,20.7,TOR,9.2,6,0.9,0.5,0.6,1.1,0.485,0.269
Christian Braun,2808600,SG,21,15.5,DEN,4.7,2.4,0.8,0.2,0.5,0.5,0.495,0.354
Jordan Nwora,2800000,SF,24,19.2,MIL/IND,8.7,3.7,1.4,0.2,0.4,1.1,0.436,0.408
Jalen Johnson,2792640,SF,21,14.9,ATL,5.6,4,1.2,0.5,0.5,0.6,0.491,0.288
Tyrese Maxey,2726880,SG,22,33.6,PHI,20.3,2.9,3.5,0.1,0.8,1.3,0.481,0.434
Bruno Fernando,2717391,C,24,10.4,HOU/ATL,3.9,3.5,0.8,0.9,0.2,0.6,0.527,0
Walker Kessler,2696400,C,21,23,UTA,9.2,8.4,0.9,2.3,0.4,0.8,0.72,0.333
Keon Johnson,2681040,SG,20,10.4,POR,4.7,1.1,1.5,0.2,0.5,1.1,0.376,0.346
Charles Bassey,2674742,C,22,14.5,SAS,5.7,5.5,1.3,0.9,0.5,1.2,0.644,0.375
Matthew Dellavedova,2628597,PG,32,6.7,SAC,1.5,0.4,1.3,0,0.2,0.3,0.34,0.333
Trey Lyles,2625000,PF,27,16.9,SAC,7.6,4.1,0.9,0.4,0.4,0.9,0.458,0.363
Zeke Nnaji,2617800,PF,22,13.7,DEN,5.2,2.6,0.3,0.4,0.3,0.6,0.561,0.262
David Roddy,2588640,PF,21,18,MEM,6.7,2.8,0.8,0.3,0.4,0.8,0.429,0.307
Isaiah Jackson,2573760,C,21,16.5,IND,7.2,4.5,0.8,1.5,0.5,0.8,0.563,0.143
MarJon Beauchamp,2485200,SF,22,13.5,MIL,5.1,2.2,0.7,0.1,0.4,0.9,0.395,0.331
Usman Garuba,2471160,C,20,12.9,HOU,3,4.1,0.9,0.4,0.6,0.6,0.486,0.407
Raul Neto,2463490,PG,30,10.5,CLE,3.3,1,1.6,0.1,0.4,0.5,0.518,0.286
Frank Kaminsky,2463490,C,29,6.5,HOU/ATL,2.5,1.4,0.9,0.1,0.2,0.3,0.492,0.394
Montrezl Harrell,2463490,C,29,11.9,PHI,5.6,2.8,0.6,0.4,0.3,0.6,0.598,0
Blake Wesley,2385480,SG,19,18.1,SAS,5,2.2,2.7,0.1,0.7,1.8,0.321,0.385
Josh Christopher,2372160,SG,21,12.3,HOU,5.8,1.1,1.1,0.2,0.5,0.9,0.465,0.236
Isaiah Roby,2330681,PF,24,11.3,SAS,4.1,2.5,0.9,0.2,0.4,0.7,0.432,0.3
Lindy Waters III,2316876,SG,25,13,OKC,5.2,1.8,0.7,0.3,0.3,0.2,0.393,0.358
Immanuel Quickley,2316240,SG,23,28.9,NYK,14.9,4.2,3.4,0.2,1,1.2,0.448,0.37
John Konchar,2300000,SF,26,20.8,MEM,5.1,4.3,1.4,0.3,1.1,0.5,0.431,0.339
Rodney McGruder,2298385,SG,31,16.4,DET,5.7,2.3,0.9,0,0.5,0.3,0.408,0.423
Bryn Forbes,2298385,SG,29,10.7,MIN,3.6,0.6,0.7,0.1,0.3,0.5,0.361,0.304
Damian Jones,2298385,C,27,11.6,LAL/UTA,3.5,3,0.4,0.5,0.2,0.6,0.64,0.588
Quentin Grimes,2277000,SG,22,29.9,NYK,11.3,3.2,2.1,0.4,0.7,1,0.468,0.386
Saben Lee,2266640,PG,23,14.9,PHI/PHO,6,1.8,2.7,0,0.8,1,0.405,0.367
Andrew Nembhard,2244111,SG,23,27.6,IND,9.5,2.7,4.5,0.2,0.9,1.7,0.441,0.35
Payton Pritchard,2239200,PG,25,13.4,BOS,5.6,1.8,1.3,0,0.3,0.8,0.412,0.364
Bones Hyland,2201520,PG,22,19.4,DEN/LAC,11.8,2.4,3.1,0.3,0.7,1.5,0.399,0.371
Bol Bol,2200000,PF,23,21.5,ORL,9.1,5.8,1,1.2,0.4,1.6,0.546,0.265
Peyton Watson,2193960,SG,20,8.1,DEN,3.3,1.6,0.5,0.5,0.1,0.3,0.492,0.429
Udoka Azubuike,2174880,C,23,10,UTA,3.5,3.3,0.3,0.4,0.2,0.5,0.819,0
Jaden McDaniels,2161440,SF,22,30.6,MIN,12.1,3.9,1.9,1,0.9,1.4,0.517,0.398
Jordan McLaughlin,2160000,PG,26,15.8,MIN,3.7,1.4,3.4,0.1,0.7,0.8,0.421,0.308
Malachi Flynn,2145720,PG,24,13,TOR,4.6,1.4,1.3,0.1,0.4,0.5,0.36,0.353
Cam Thomas,2138160,SG,21,16.6,BRK,10.6,1.7,1.4,0.1,0.4,1.1,0.441,0.383
Luke Kornet,2133278,C,27,11.7,BOS,3.8,2.9,0.8,0.7,0.2,0.4,0.665,0.231
Damion Lee,2133278,SG,30,20.4,PHO,8.2,3,1.3,0.1,0.4,1.1,0.442,0.445
Juan Toscano-Anderson,2133278,SF,29,13.5,LAL/UTA,3,2.4,1.3,0.2,0.3,0.7,0.448,0.186
Desmond Bane,2130240,SG,24,31.7,MEM,21.5,5,4.4,0.4,1,2.2,0.479,0.408
Jaden Springer,2125200,SG,20,5.6,PHI,2.6,0.9,0.5,0.2,0.4,0.2,0.486,0.4
Day'Ron Sharpe,2109480,C,21,11.5,BRK,4.7,4.2,0.8,0.7,0.3,0.9,0.544,0.545
Tony Bradley,2036318,C,25,2.8,CHI,1.6,0.9,0.1,0.1,0.1,0.1,0.5,0.6
Frank Ntilikina,2036318,SG,24,12.9,DAL,2.9,1.3,1.2,0.1,0.3,0.6,0.364,0.254
Garrison Mathews,2000000,SG,26,12.7,HOU/ATL,4.8,1.4,0.5,0.1,0.4,0.4,0.363,0.35
Jaylin Williams,2000000,C,20,18.7,OKC,5.9,4.9,1.6,0.2,0.6,0.8,0.436,0.407
Jeremiah Robinson-Earl,2000000,PF,22,18.9,OKC,6.8,4.2,1,0.3,0.6,0.4,0.444,0.333
Kenrich Williams,2000000,PF,28,22.8,OKC,8,4.9,2,0.3,0.8,0.6,0.517,0.373
Caleb Houstan,2000000,SF,20,15.9,ORL,3.8,1.9,0.6,0.1,0.2,0.4,0.363,0.338
Shake Milton,1997718,SG,26,20.6,PHI,8.4,2.5,3.2,0.2,0.3,1.2,0.479,0.378
Aaron Holiday,1968175,PG,26,13.4,ATL,3.9,1.2,1.4,0.2,0.6,0.6,0.418,0.409
Yuta Watanabe,1968175,SF,28,16,BRK,5.6,2.4,0.8,0.3,0.4,0.4,0.491,0.444
Edmond Sumner,1968175,SG,27,13.9,BRK,7.1,1.5,1.3,0.2,0.6,0.9,0.461,0.356
Theo Pinson,1968175,SG,27,8.1,DAL,2.4,1.6,1.2,0,0.2,0.3,0.356,0.355
Thomas Bryant,1968175,C,25,18.3,DEN/LAL,9.8,5.7,0.5,0.5,0.3,0.6,0.623,0.441
Josh Okogie,1968175,SG,24,18.8,PHO,7.3,3.5,1.5,0.5,0.8,0.9,0.391,0.335
Drew Eubanks,1968175,C,25,20.3,POR,6.6,5.4,1.3,1.3,0.5,0.9,0.641,0.389
Dean Wade,1930681,PF,26,20.3,CLE,4.7,3.4,0.8,0.5,0.6,0.4,0.412,0.354
Terance Mann,1930681,SG,26,23.1,LAC,8.8,3.4,2.3,0.3,0.5,1,0.519,0.389
Jaylen Nowell,1930681,SG,23,19.3,MIN,10.8,2.6,2,0.1,0.6,1,0.448,0.289
Naz Reid,1930681,C,23,18.4,MIN,11.5,4.9,1.1,0.8,0.6,1.4,0.537,0.346
Jalen McDaniels,1930681,SF,25,23.9,PHI/CHO,9.4,4.3,1.6,0.4,1,1.2,0.455,0.332
Daniel Gafford,1930681,C,24,20.6,WAS,9,5.6,1.1,1.3,0.4,1.1,0.732,0
Chimezie Metu,1910860,PF,25,10.4,SAC,4.9,3,0.6,0.3,0.3,0.5,0.589,0.237
Davon Reed,1902133,SG,27,8,DEN/LAL,2.1,1.4,0.5,0.1,0.3,0.5,0.333,0.37
KZ Okpala,1902133,PF,23,7.1,SAC,1.3,1,0.4,0.2,0.2,0.2,0.421,0.333
Wenyen Gabriel,1878720,C,25,15.1,LAL,5.5,4.2,0.5,0.5,0.4,0.7,0.596,0.278
Thanasis Antetokounmpo,1878720,PF,30,5.6,MIL,1.4,1.2,0.4,0.1,0.1,0.3,0.435,0
Moritz Wagner,1878720,C,25,19.5,ORL,10.5,4.5,1.5,0.2,0.6,1.2,0.5,0.313
Keita Bates-Diop,1878720,PF,27,21.7,SAS,9.7,3.7,1.5,0.3,0.7,0.8,0.508,0.394
Oshae Brissett,1846738,PF,24,16.7,IND,6.1,3.4,0.7,0.2,0.5,0.5,0.386,0.31
Nathan Knight,1836090,C,25,7.7,MIN,3.7,1.5,0.3,0.2,0.3,0.6,0.568,0.364
Justin Jackson,1836090,SF,27,4.7,BOS,0.9,0.7,0.4,0.2,0.2,0.1,0.259,0.25
Isaiah Joe,1836090,SG,23,19.1,OKC,9.5,2.4,1.2,0.1,0.7,0.5,0.441,0.409
Ryan Arcidiacono,1836090,PG,28,8.6,NYK/POR,1.3,0.8,1.2,0,0.3,0.4,0.243,0.348
Anthony Gill,1836090,PF,30,10.6,WAS,3.3,1.7,0.6,0.2,0.1,0.3,0.538,0.138
Javonte Green,1815677,SF,29,15,CHI,5.2,2.8,0.7,0.7,0.8,0.6,0.565,0.371
Gabe Vincent,1815677,PG,26,25.9,MIA,9.4,2.1,2.5,0.1,0.9,1.4,0.402,0.334
Max Strus,1815677,SF,26,28.4,MIA,11.5,3.2,2.1,0.2,0.5,0.9,0.41,0.35
Nick Richards,1782621,C,25,18.7,CHO,8.2,6.4,0.6,1.1,0.2,0.9,0.629,1
Lamar Stevens,1782621,SF,25,18.1,CLE,5.3,3.3,0.5,0.3,0.4,0.4,0.448,0.316
Naji Marshall,1782621,SF,25,23.3,NOP,9.1,3.6,2.5,0.2,0.7,1.3,0.433,0.303
Paul Reed,1782621,C,23,10.9,PHI,4.2,3.8,0.4,0.7,0.7,0.7,0.593,0.167
Tre Jones,1782621,PG,23,29.2,SAS,12.9,3.6,6.6,0.1,1.3,1.6,0.459,0.285
Haywood Highsmith,1752638,PF,26,17.9,MIA,4.4,3.5,0.8,0.3,0.7,0.8,0.431,0.339
Omer Yurtseven,1752638,C,24,9.2,MIA,4.4,2.6,0.2,0.2,0.2,0.4,0.593,0.429
Leandro Bolmaro,1709300,SF,22,4.9,UTA,0.4,0.5,0.5,0.1,0.2,0.5,0.15,0
Terry Taylor,1703902,PF,23,8.5,CHI/IND,2.9,1.5,0.3,0.2,0.1,0.3,0.52,0.263
Jared Butler,1674655,PG,22,12.8,OKC,6.2,0.7,1.3,0,0.8,0.8,0.469,0.5
Jericho Sims,1639842,C,24,15.6,NYK,3.4,4.7,0.5,0.5,0.3,0.5,0.776,0
Sam Hauser,1637966,SF,25,16.1,BOS,6.4,2.6,0.9,0.3,0.4,0.4,0.455,0.418
Kessler Edwards,1637966,SF,22,10.7,BRK/SAC,2.8,1.7,0.6,0.2,0.4,0.4,0.387,0.309
Isaiah Todd,1575000,PF,21,10.2,WAS,1.5,2,0.7,0,0.2,0.3,0.158,0.1
Vit Krejci,1563518,PG,22,5.7,ATL,1.2,0.9,0.6,0,0.2,0.2,0.405,0.238
JT Thor,1563518,PF,20,14,CHO,3.8,2.2,0.5,0.3,0.3,0.6,0.399,0.317
Marko Simonovic,1563518,C,23,2.9,CHI,0.9,0.3,0,0,0,0,0.286,0.25
Ayo Dosunmu,1563518,SG,23,26.2,CHI,8.6,2.8,2.6,0.3,0.8,1.2,0.493,0.312
Isaiah Livers,1563518,PF,24,23.1,DET,6.7,2.8,0.8,0.5,0.5,0.6,0.417,0.365
Daishen Nix,1563518,PG,20,16,HOU,4,1.7,2.3,0.1,0.5,1.5,0.342,0.286
Jason Preston,1563518,PG,23,8.9,LAC,2.9,1.6,1.9,0,0.1,0.7,0.439,0.278
Austin Reaves,1563518,SG,24,28.8,LAL,13,3,3.4,0.3,0.5,1.5,0.529,0.398
Jose Alvarado,1563518,PG,24,21.5,NOP,9,2.3,3,0.2,1.1,1.3,0.411,0.336
Miles McBride,1563518,PG,22,11.9,NYK,3.5,0.8,1.1,0.1,0.6,0.4,0.358,0.299
Aaron Wiggins,1563518,SG,24,18.5,OKC,6.8,3,1.1,0.2,0.6,0.8,0.512,0.393
Jock Landale,1563518,C,27,14.2,PHO,6.6,4.1,1,0.4,0.2,0.9,0.528,0.25
Trendon Watford,1563518,PF,22,19.1,POR,7.4,3.8,2.1,0.2,0.5,1.1,0.56,0.391
Dalano Banton,1563518,PG,23,9,TOR,4.6,1.5,1.2,0.4,0.4,0.6,0.423,0.294
Christian Koloko,1500000,C,22,13.8,TOR,3.1,2.9,0.5,1,0.4,0.3,0.48,0.083
Bryce McGowens,1461055,SG,20,17.1,CHO,5.3,2,1.2,0.1,0.3,0.9,0.396,0.325
Jordan Goodwin,1280206,PG,24,17.8,WAS,6.6,3.3,2.7,0.4,0.9,0.9,0.448,0.322
Kennedy Chandler,1200000,PG,20,7.8,MEM,2.2,1.1,1.6,0.1,0.3,0.5,0.422,0.133
Noah Vonleh,1160955,C,27,7.4,BOS,1.1,2.1,0.3,0.3,0.1,0.5,0.458,0.25
Sandro Mamukelashvili,1116112,C,23,15.3,SAS/MIL,6.1,4.3,1.4,0.3,0.3,0.8,0.422,0.303
Sam Merrill,1105522,SG,26,11.8,CLE,5,1.8,1,0,0.8,0,0.409,0.278
Tyrese Martin,1017781,SG,23,4.1,ATL,1.3,0.8,0.1,0,0.1,0.1,0.391,0.143
Jaden Hardy,1017781,SG,20,14.8,DAL,8.8,1.9,1.4,0.1,0.4,1,0.438,0.404
Ryan Rollins,1017781,PG,20,5.2,GSW,1.9,1,0.5,0.1,0.1,1.3,0.35,0.333
Max Christie,1017781,SG,19,12.5,LAL,3.1,1.8,0.5,0.2,0.2,0.3,0.415,0.419
Josh Minott,1017781,SF,20,6.4,MIN,3.1,1.7,0.3,0.4,0.3,0.2,0.5,0.333
Jabari Walker,1017781,SF,20,11.1,POR,3.9,2.3,0.6,0.2,0.2,0.5,0.419,0.286
Eugene Omoruyi,1013119,SF,25,16.1,DET/OKC,7,2.8,0.7,0.1,0.7,0.9,0.443,0.281
Kris Dunn,1000001,PG,28,25.8,UTA,13.2,4.5,5.6,0.5,1.1,1.6,0.537,0.472
Admiral Schofield,877940,PF,25,12.2,ORL,4.2,1.7,0.8,0.1,0.2,0.4,0.451,0.324
Justin Champagnie,853241,SF,21,6.8,BOS/TOR,2.2,1.6,0.8,0,0.2,0,0.333,0.2
Trevelin Queen,838891,SG,25,10,IND,3,2.4,0.9,0.7,0.3,1,0.241,0.133
Moses Brown,824041,C,23,8.2,BRK/LAC,4.3,3.9,0.1,0.4,0.1,0.4,0.635,0
Matt Ryan,806097,SF,25,9.1,LAL/MIN,3.6,0.8,0.5,0,0.1,0.2,0.37,0.381
PJ Dozier,784654,SF,26,4.9,SAC,1.4,0.9,0.6,0.1,0.4,0.3,0.303,0.125
Cody Zeller,743922,C,30,14.5,MIA,6.5,4.3,0.7,0.3,0.2,0.9,0.627,0
Meyers Leonard,713558,C,30,12.7,MIL,4.8,3.8,0.1,0,0.2,0.7,0.483,0.389
Anthony Lamb,694878,SF,25,19.3,GSW,6.7,3.5,1.5,0.3,0.5,0.9,0.471,0.367
Michael Carter-Williams,652829,PG,31,11,ORL,4.3,1.3,1.8,0.3,0.3,1,0.429,0.333
Carlik Jones,612162,PG,25,8,CHI,2.9,0.7,0.9,0,0.3,0.3,0.4,0.5
Trevor Keels,520589,SG,19,2.7,NYK,1,0.7,0,0,0,0,0.25,0.25
Dereon Seabron,511816,SG,22,2.4,NOP,0.8,0.2,0,0,0,0,0.4,0
Trent Forrest,508891,SG,24,12,ATL,2.3,1.6,1.7,0.1,0.3,0.7,0.417,0
Mfiondu Kabengele,508891,PF,25,9,BOS,1.5,2.5,0,0,0.5,0.3,0.286,0
JD Davison,508891,SG,20,5.5,BOS,1.6,0.8,0.9,0.2,0.2,0.3,0.421,0.286
Malcolm Hill,508891,SF,27,1.8,CHI,1,0.6,0,0,0,0,0.5,0.333
Mamadi Diakite,508891,C,26,8,CLE,2.6,1.4,0.4,0.4,0.2,0.5,0.48,0.333
Isaiah Mobley,508891,PF,23,7,CLE,2.6,1.7,0.3,0.3,0.3,0.1,0.429,0.375
Jack White,508891,SF,25,3.9,DEN,1.2,1,0.2,0.1,0.2,0.1,0.421,0.333
Buddy Boeheim,508891,SF,23,9,DET,1.6,0.6,0.4,0,0.2,0,0.185,0.16
Darius Days,508891,SF,23,6.3,HOU,3.8,1.5,0.3,0.3,0,0,0.417,0.3
Trevor Hudgins,508891,PG,23,5.6,HOU,1.8,0,0.6,0,0,0.2,0.222,0.25
Kendall Brown,508891,SG,19,6.7,IND,1.5,1,0.5,0,0.7,0.3,0.571,0
Cole Swider,508891,SF,23,5.9,LAL,1.3,1,0.6,0,0,0,0.333,0.375
Jamal Cain,508891,PF,23,13.3,MIA,5.4,2.9,0.7,0.1,0.6,0.3,0.561,0.35
Luka Garza,508891,C,24,8.7,MIN,6.5,2.3,0.6,0.1,0.1,0.5,0.543,0.359
Kevon Harris,508891,SG,25,13.4,ORL,4.1,2.1,0.5,0.1,0.5,0.6,0.439,0.372
Keon Ellis,508891,SG,23,4.4,SAC,1.5,0.5,0.4,0.1,0.3,0.1,0.438,0.5
Neemias Queta,508891,C,23,5.8,SAC,2.4,2.2,0.2,0.4,0,0.2,0.667,0
Dominick Barlow,508891,PF,19,14.6,SAS,3.9,3.6,0.9,0.7,0.4,0.5,0.535,0
Julian Champagnie,508891,SF,21,18.8,SAS/PHI,9.7,3.5,0.6,0.3,0.4,0.6,0.454,0.402
Jeff Dowtin,508891,PG,25,10.4,TOR,2.4,0.9,1.2,0.1,0.4,0.2,0.439,0.313
Micah Potter,508891,PF,24,7.4,UTA,3.4,2.3,0.6,0,0.1,0.3,0.667,0.571
Johnny Juzang,508891,SG,21,12.9,UTA,4.8,2.2,0.4,0.2,0.2,0.2,0.337,0.238
John Butler,503041,C,20,11.6,POR,2.4,0.9,0.6,0.5,0.4,0.1,0.321,0.229
Chima Moneke,500000,SF,27,4,SAC,1,1,0.5,0,0,1,0.5,0
Facundo Campazzo,464299,PG,31,6.5,DAL,1.3,0.3,1.1,0,0.8,0.4,0.231,0.273
Orlando Robinson,386055,C,22,13.7,MIA,3.7,4.1,0.8,0.4,0.4,0.5,0.528,0
Dru Smith,374357,SG,25,10.5,BRK/MIA,2.9,1.6,1.5,0.3,0.7,0.2,0.4,0.263
Jared Rhoden,307089,SG,23,14.1,DET,3.2,2.6,0.3,0.1,0.3,0.2,0.386,0.25
Louis King,307089,PF,23,29,PHI,20,4,2,0,1,2,0.615,0.5
Jarrett Culver,260295,SF,23,13.7,ATL,4.4,3.8,0.6,0.2,0.6,0.7,0.395,0.083
Olivier Sarr,257371,C,23,12.7,OKC,4,3.4,0.4,0.6,0.1,0.4,0.5,0.125
Alondes Williams,254446,SG,23,5,BRK,0,1,0,0,0,2,0.4,0
Donovan Williams,239822,SG,21,2,ATL,2,1,0,0,0,0,0.4,0
Quenton Jackson,219630,PG,24,15,WAS,6.2,0.9,1.7,0.1,0.4,0.4,0.452,0.083
Chris Silva,211045,PF,26,3,DAL,2,0,0,0,0,1,1,0
Tyler Dorsey,201802,SF,26,2.7,DAL,3,0.7,0,0,0,0,0.8,0.5
Braxton Key,201802,SF,25,3,DET,1.3,0.3,0,0,0,0,1,0
Jordan Hall,193027,SF,21,9.2,SAS,3.1,1.3,1.2,0,0.1,0.8,0.321,0.2
Alize Johnson,192293,PF,26,7.5,SAS,1.8,2.5,0.3,0,0.3,1,0.5,0
Devon Dotson,169630,PG,23,8.8,WAS,0.5,1.7,1.3,0,0.8,0.5,0.1,0.25
Mac McClung,160856,SG,24,20.5,PHI,12.5,5,4.5,0,0,1.5,0.45,0.364
Xavier Cooks,140384,PF,27,12.6,WAS,3.8,3.8,0.6,0.4,0.6,0.8,0.607,0
Shaquille Harrison,134862,SG,29,24,POR,8.8,4.4,6,0.4,2.2,1.2,0.417,0.3
Lester Quinones,129405,SG,22,4.5,GSW,2.5,0.8,0.5,0,0.3,1.3,0.4,0.5
Xavier Moon,116986,SG,28,5,LAC,1.8,0.8,1.3,0,0,0.3,0.333,0.333
Jamaree Bouyea,116986,PG,23,14.2,MIA/WAS,3,1.2,0.8,0.4,0.8,0.8,0.429,0.333
Jay Huff,116986,C,24,13.6,WAS,7.3,3,1.4,0.6,0.4,0.7,0.6,0.5
Skylar Mays,116574,PG,25,31.5,POR,15.3,3.2,8.3,0.2,1,1.7,0.5,0.462
Frank Jackson,113114,PG,24,5,UTA,0,2,1,0,0,0,0,0
Deonte Burton,105522,PF,29,3,SAC,0,0,0,0,0,0,0,0
Jarrell Brantley,105522,PF,26,9.8,UTA,5.5,1.5,0.8,0.5,0,0.5,0.571,0.444
Xavier Sneed,102910,SF,25,12,CHO,4.3,1.3,1.3,0.3,0,0.8,0.5,0.5
Lindell Wigginton,99438,PG,24,12.4,MIL,7.1,1,2,0.3,0,1.7,0.486,0.333
Jordan Schakel,96514,SF,24,3,WAS,1.5,0,0.5,0,0.5,0,0.5,1
Stanley Umude,58493,SG,23,2,DET,2,0,0,1,1,0,0,0
Jeenathan Williams,52644,SG,23,25.4,POR,10.6,3,2,0.4,0.6,0.8,0.615,0.375
Jay Scrubb,49719,SG,22,15,ORL,6.5,3,0.5,0,1,1.5,0.714,1
Justin Minaya,35096,SF,23,22.3,POR,4.3,3.8,1,1.3,0.5,1,0.304,0.25
Kobi Simmons,32795,SG,25,5.6,CHO,1,0.8,1,0.4,0,0.2,0.167,0.2
Gabe York,32171,SG,29,18.7,IND,8,2,1.7,0,0.7,0,0.381,0.333
RaiQuan Gray,5849,PF,23,35,BRK,16,9,7,1,0,4,0.5,0.4
Jacob Gilyard,5849,PG,24,41,MEM,3,4,7,0,3,2,0.333,0.333
